stationId,zipcode,lat,long
72,10019,40.76727216,-73.99392888
79,10013,40.71911552,-74.00666661
82,10038,40.71117416,-74.00016545
83,11217,40.68382604,-73.97632328
116,10011,40.74177603,-74.00149746
119,11205,40.69608941,-73.97803415
120,11238,40.68676793,-73.95928168
127,10014,40.73172428,-74.00674436
128,10012,40.72710258,-74.00297088
143,11201,40.69239502,-73.99337909
144,11201,40.69839895,-73.98068914
146,10013,40.71625008,-74.0091059
150,10003,40.7208736,-73.98085795
151,10012,40.722103786686034,-73.99724900722504
157,11201,40.69089272,-73.99612349
161,10012,40.72917025,-73.99810231
164,10017,40.75323098,-73.97032517
167,10016,40.7489006,-73.97604882
168,10011,40.73971301,-73.99456405
173,10019,40.76068327096592,-73.9845272898674
174,10010,40.7381765,-73.97738662
195,10006,40.70905623,-74.01043382
212,10011,40.74334935,-74.00681753
216,11201,40.70037867,-73.99548059
217,11201,40.70277159,-73.99383605
223,10011,40.73781509,-73.99994661
224,10038,40.71146364,-74.00552427
228,10017,40.7546011026,-73.971878855
229,10003,40.72743423,-73.99379025
236,10003,40.7284186,-73.98713956
237,10003,40.73047309,-73.98672378
238,10014,40.7361967,-74.00859207
239,11201,40.69196566,-73.9813018
241,11217,40.68981035,-73.97493121
242,11205,40.697787,-73.973736
243,11217,40.68841,-73.979458
244,11205,40.69196035,-73.96536851
245,11205,40.69327018,-73.97703874
247,10014,40.73535398,-74.00483091
248,10013,40.72185379,-74.00771779
249,10013,40.71870987,-74.0090009
250,10012,40.72456089,-73.99565293
251,10012,40.72317958,-73.99480012
252,10011,40.73226398,-73.99852205
254,10011,40.73532427,-73.99800419
257,10013,40.71939226,-74.00247214
258,11205,40.68940747,-73.96885458
259,10004,40.70122128,-74.01234218
260,10004,40.70365182,-74.01167797
261,11201,40.69474881,-73.98362464
262,11205,40.6917823,-73.9737299
264,10005,40.70706456,-74.00731853
265,10002,40.72229346,-73.99147535
266,10009,40.72368361,-73.97574813
267,10018,40.75097711,-73.98765428
268,10013,40.71910537,-73.99973337
270,11205,40.69308257,-73.97178913
274,11217,40.68691865,-73.976682
275,11238,40.68650065,-73.96563307
276,10013,40.71748752,-74.0104554
278,11201,40.69766564,-73.98476437
279,10038,40.707873,-74.00167
280,10003,40.73331967,-73.99510132
281,10019,40.7643971,-73.97371465
282,11249,40.707644944175705,-73.96841526031494
284,10011,40.7390169121,-74.0026376103
285,10003,40.73454567,-73.99074142
289,11238,40.6845683,-73.95881081
291,10002,40.713126,-73.984844
293,10003,40.73020660529954,-73.99102628231049
295,10002,40.71406667,-73.99293911
296,10002,40.71413089,-73.9970468
297,10003,40.734232,-73.986923
298,11217,40.68683208,-73.9796772
301,10009,40.72217444,-73.98368779
302,10009,40.72082834,-73.97793172
303,10012,40.72362738,-73.99949601
304,10004,40.70463334,-74.01361706
305,10022,40.76095756,-73.96724467
307,10002,40.71427487,-73.98990025
308,10038,40.71307916,-73.99851193
309,10007,40.7149787,-74.013012
310,11201,40.68926942,-73.98912867
311,10002,40.7172274,-73.98802084
312,10002,40.722055,-73.989111
313,11205,40.69610226,-73.96751037
314,11201,40.69383,-73.990539
315,10005,40.70355377,-74.00670227
316,10038,40.70955958,-74.00653609
317,10009,40.72453734,-73.98185424
319,10007,40.711066,-74.009447
320,10013,40.717571,-74.005549
321,11201,40.69991755,-73.98971773
323,11201,40.69236178,-73.98631746
324,11201,40.689888,-73.981013
325,10003,40.73624527,-73.98473765
326,10003,40.72953837,-73.98426726
327,10282,40.7153379,-74.01658354
328,10013,40.72405549,-74.00965965
330,10007,40.71450451,-74.00562789
331,10002,40.71173107,-73.99193043
332,10002,40.71219906,-73.97948148
334,10011,40.74238787,-73.99726235
335,10003,40.72903917,-73.99404649
336,10012,40.73047747,-73.99906065
337,10005,40.7037992,-74.00838676
339,10009,40.72580614,-73.97422494
340,10002,40.71269042,-73.98776323
341,10002,40.71782143,-73.97628939
342,10002,40.71739973,-73.98016555
343,11251,40.69794,-73.96986848
344,11216,40.6851443,-73.95380904
346,10014,40.73652889,-74.00618026
347,10014,40.728846,-74.008591
349,10002,40.71850211,-73.98329859
350,10002,40.71559509,-73.9870295
351,10005,40.70530954,-74.00612572
353,11217,40.68539567,-73.97431458
354,11205,40.69363137,-73.96223558
355,10013,40.71602118,-73.99974372
356,10002,40.71622644,-73.98261206
358,10014,40.73291553,-74.00711384
359,10017,40.75510267,-73.97498696
360,10005,40.70717936,-74.00887308
361,10002,40.71605866,-73.99190759
362,10018,40.75172632,-73.98753523
363,10280,40.70834698,-74.01713445
364,11238,40.68900443,-73.96023854
366,11205,40.693261,-73.968896
368,10014,40.73038599,-74.00214988
369,10011,40.73224119,-74.00026394
372,11205,40.694546087246025,-73.95801365375519
373,11205,40.69331716,-73.95381995
376,10038,40.70862144,-74.00722156
377,10013,40.72243797,-74.00566443
379,10001,40.749156,-73.9916
380,10014,40.73401143,-74.00293877
383,10011,40.735238,-74.000271
385,10022,40.75797322,-73.96603308
386,10007,40.71494807,-74.00234482
387,10007,40.71273266,-74.0046073
388,10001,40.749717753,-74.002950346
389,11249,40.71044554,-73.96525063
390,11201,40.69221589,-73.9842844
391,11201,40.69760127,-73.99344559
392,11201,40.695065,-73.987167
393,10009,40.72299208,-73.97995466
394,10009,40.72521311,-73.97768752
396,11238,40.680342423,-73.9557689392
397,11238,40.68415748,-73.96922273
398,11201,40.69165183,-73.9999786
399,11238,40.68851534,-73.9647628
400,10002,40.71926081,-73.98178024
401,10002,40.72019576,-73.98997825
402,10010,40.7403432,-73.98955109
403,10003,40.72502876,-73.99069656
405,10014,40.739323,-74.008119
406,11201,40.69512845,-73.99595065
408,10002,40.71076228,-73.99400398
410,10002,40.72066442,-73.98517977
411,10009,40.72228087,-73.97668709
412,10002,40.7158155,-73.99422366
415,10005,40.7047177,-74.00926027
416,11205,40.68753406,-73.97265183
417,10007,40.71291224,-74.01020234
418,11201,40.70224,-73.982578
419,11205,40.69580705,-73.97355569
420,11238,40.68764484,-73.96968902
421,11205,40.69573398,-73.97129668
422,10019,40.770513,-73.988038
423,10019,40.76584941,-73.98690506
426,10281,40.71754834,-74.01322069
427,10004,40.701907,-74.013942
432,10009,40.72621788,-73.98379855
434,10011,40.74317449,-74.00366443
435,10011,40.74173969,-73.99415556
436,11216,40.68216564,-73.95399026
437,11216,40.6809833854,-73.9500479759
438,10003,40.72779126,-73.98564945
439,10003,40.7262807,-73.98978041
440,10017,40.75255434,-73.97282625
441,10022,40.756014,-73.967416
442,10001,40.746647,-73.993915
443,11249,40.70853074,-73.96408963
445,10009,40.72740794,-73.98142006
446,10001,40.74487634,-73.99529885
447,10019,40.76370739,-73.9851615
448,10018,40.75660359,-73.9979009
450,10019,40.76227205,-73.98788205
453,10011,40.74475148,-73.99915362
454,10022,40.75455731,-73.96592976
455,10017,40.75001986,-73.96905301
456,10022,40.7597108,-73.97402311
458,10001,40.751396,-74.005226
459,10011,40.746745,-74.007756
460,11249,40.71285887,-73.96590294
461,10003,40.73587678,-73.98205027
462,10011,40.74691959,-74.00451887
464,10022,40.75934501,-73.96759673
465,10036,40.75513557,-73.98658032
466,10010,40.74395411,-73.99144871
467,11217,40.68312489,-73.97895137
468,10019,40.7652654,-73.98192338
469,10019,40.76344058,-73.98268129
470,10011,40.74345335,-74.00004031
471,11211,40.71286844,-73.95698119
472,10016,40.7457121,-73.98194829
473,10002,40.72110063,-73.9919254
474,10016,40.7451677,-73.98683077
476,10016,40.74394314,-73.97966069
477,10018,40.75640548,-73.9900262
478,10036,40.76030096,-73.99884222
479,10036,40.76019252,-73.9912551
480,10019,40.76669671,-73.99061728
481,11249,40.71260486,-73.96264403
482,10011,40.73935542,-73.99931783
483,10003,40.73223272,-73.98889957
484,10036,40.75500254,-73.98014437
485,10018,40.75038009,-73.98338988
486,10001,40.7462009,-73.98855723
487,10009,40.73314259,-73.97573881
489,10001,40.75066386,-74.00176802
490,10001,40.751551,-73.993934
491,10010,40.74096374,-73.98602213
492,10001,40.75019995,-73.99093085
493,10036,40.7568001,-73.98291153
494,10001,40.74734825,-73.99723551
495,10036,40.76269882,-73.99301222
496,10003,40.73726186,-73.99238967
497,10003,40.73704984,-73.99009296
499,10023,40.76915505,-73.98191841
500,10019,40.76228826,-73.98336183
501,10016,40.744219,-73.97121214
502,10002,40.714215,-73.981346
503,10010,40.73827428,-73.98751968
504,10009,40.73221853,-73.98165557
505,10001,40.74901271,-73.98848395
507,10010,40.73912601,-73.97973776
508,10036,40.76341379,-73.99667444
509,10011,40.7454973,-74.00197139
513,10019,40.768254,-73.988639
514,10018,40.76087502,-74.00277668
515,10036,40.76009437,-73.99461843
516,10017,40.75206862,-73.96784384
517,10017,40.751581,-73.97791
518,10016,40.74780373,-73.9734419
519,10017,40.751873,-73.977706
520,10019,40.75992262,-73.97648516
522,10022,40.75714758,-73.97207836
523,10018,40.75466591,-73.99138152
525,10001,40.75594159,-74.0021163
526,10016,40.74765947,-73.98490707
528,10016,40.74290902,-73.97706058
529,10036,40.7575699,-73.99098507
530,10019,40.77149671054441,-73.99046033620834
531,10002,40.71893904,-73.99266288
532,11211,40.710451,-73.960876
533,10018,40.75299641,-73.98721619
534,10004,40.70255065,-74.0127234
536,10016,40.74144387,-73.97536082
539,11249,40.71534825,-73.96024116
540,10016,40.74311555376486,-73.98215353488922
545,10010,40.736502,-73.97809472
546,10016,40.74444921,-73.98303529
3002,10280,40.711512,-74.015756
3016,11249,40.72036775298455,-73.96165072917938
3041,11213,40.67890679,-73.94142771
3042,11233,40.6794268,-73.9298911
3043,11233,40.6814598,-73.934903
3044,11216,40.6800105,-73.938475
3046,11216,40.682601,-73.938037
3047,11216,40.6823687,-73.944118
3048,11216,40.68402,-73.94977
3049,11238,40.68488,-73.96304
3050,11221,40.6851532,-73.94111
3052,11221,40.686312,-73.935775
3053,11216,40.6900815,-73.947915
3054,11221,40.6894932,-73.942061
3055,11216,40.6883337,-73.950916
3056,11205,40.69072549,-73.95133465
3057,11221,40.69128258,-73.9452416
3058,11221,40.69237074,-73.93705428
3059,11206,40.6933982,-73.939877
3060,11206,40.69425403,-73.94626915
3061,11206,40.69622937,-73.94371094
3062,11206,40.69539817,-73.94954908
3063,11206,40.69527008,-73.95238108
3064,11206,40.69681963,-73.93756926
3065,11206,40.70029511,-73.95032283
3066,11206,40.69957608,-73.94708417
3067,11206,40.7016657,-73.9437303
3068,11206,40.7031724,-73.940636
3069,11206,40.70411791,-73.94818595
3070,11206,40.70510918,-73.94407279
3071,11206,40.70538077,-73.94976519
3072,11206,40.70583339,-73.94644578
3074,11206,40.70767788,-73.94016171
3075,11211,40.70708701,-73.95796783
3076,11206,40.70870368,-73.9448625
3077,11206,40.70877084,-73.95095259
3078,11211,40.70924826276157,-73.96063148975372
3080,11211,40.70934,-73.95608
3081,11211,40.711863,-73.944024
3082,11211,40.71167351,-73.95141312
3083,11211,40.71247661,-73.94100005
3085,11211,40.71469,-73.95739
3086,11211,40.715143,-73.944507
3087,11211,40.71413311,-73.95234386
3088,11211,40.7160751,-73.952029
3092,11249,40.7190095,-73.95852515
3093,11249,40.71745169,-73.95850939
3094,11211,40.7169811,-73.94485918
3095,11222,40.71929301,-73.94500379
3096,11211,40.71924,-73.95242
3100,11222,40.724812564400175,-73.94752621650696
3101,11249,40.72079821,-73.95484712
3102,11222,40.72179134,-73.9504154
3105,11249,40.724055,-73.955736
3106,11222,40.72325,-73.94308
3107,11211,40.72311651,-73.95212324
3108,11222,40.72557,-73.94434
3109,11222,40.72606,-73.95621
3110,11222,40.72708584,-73.95299117
3112,11222,40.72906,-73.95779
3113,11222,40.73026,-73.95394
3115,11222,40.73232194,-73.9550858
3116,11222,40.73266,-73.95826
3117,11222,40.73564,-73.95866
3118,11222,40.73555,-73.95284
3119,11101,40.74232744,-73.95411749
3121,11101,40.74524768,-73.94733276
3122,11101,40.744363287066875,-73.9558732509613
3123,11101,40.74469738,-73.93540375
3124,11101,40.74731,-73.95451
3125,11101,40.74708586,-73.94977234
3126,11101,40.74718234,-73.9432635
3127,11101,40.74966,-73.9521
3128,11101,40.75052534,-73.94594845
3129,11101,40.75110165,-73.94073717
3130,11101,40.75325964,-73.94335788
3131,10065,40.76712840349542,-73.96224617958069
3132,10022,40.76350532,-73.97109243
3134,10065,40.76312584,-73.96526895
3135,10021,40.77112927,-73.95772297
3136,10065,40.766368,-73.971518
3137,10021,40.77282817,-73.96685276
3139,10021,40.77118287540658,-73.96409422159195
3140,10075,40.77140426,-73.9535166
3141,10065,40.76500525,-73.95818491
3142,10065,40.7612274,-73.96094022
3143,10075,40.77632142182271,-73.96427392959595
3145,10028,40.77862688,-73.95772073
3146,10028,40.77573034,-73.9567526
3148,10028,40.77565541,-73.95068615
3150,10028,40.77536905,-73.94803392
3151,10028,40.7728384,-73.94989233
3152,10021,40.76873687,-73.96119945
3154,10075,40.77314236,-73.95856158
3155,10065,40.76440023,-73.96648977
3156,10021,40.76663814,-73.95348296
3157,10028,40.77518615,-73.94446054
3158,10023,40.77163851,-73.98261428
3159,10023,40.77492513,-73.98266566
3160,10024,40.77896784,-73.97374737
3161,10023,40.7801839724239,-73.97728532552719
3162,10024,40.78339981,-73.98093133
3163,10023,40.7734066,-73.97782542
3164,10023,40.7770575,-73.97898475
3165,10023,40.77579376683666,-73.9762057363987
3166,10023,40.78057799010334,-73.98562431335449
3167,10023,40.77966809007312,-73.98093044757842
3168,10024,40.78472675,-73.96961715
3169,10024,40.78720869,-73.98128127
3170,10024,40.78499979,-73.97283406
3171,10024,40.78524672,-73.97667321
3172,10023,40.7785669,-73.97754961
3173,10069,40.777507027547976,-73.98888587951659
3175,10023,40.77748046,-73.98288594
3177,10024,40.7867947,-73.977112
3178,10024,40.78414472,-73.98362492
3179,11206,40.698617,-73.941342
3182,10004,40.686931,-74.016966
3184,07302,40.7141454,-74.0335519
3185,07302,40.7177325,-74.043845
3186,07302,40.71958611647166,-74.04311746358871
3187,07302,40.7211236,-74.03805095
3191,07304,40.7182113,-74.0836394
3192,07304,40.7112423,-74.0557013
3193,07306,40.7246050998869,-74.07840594649315
3194,07306,40.7253399253558,-74.06762212514877
3195,07306,40.73089709786179,-74.06391263008118
3196,07307,40.7443187,-74.0439909
3198,07307,40.748715945380226,-74.04044330120087
3199,07310,40.7287448,-74.0321082
3201,07306,40.737711,-74.066921
3202,07310,40.7272235,-74.0337589
3203,07302,40.727595966,-74.044247311
3205,07302,40.71653978099194,-74.0496379137039
3206,07306,40.7311689,-74.0575736
3207,07306,40.7376037,-74.0524783
3209,07302,40.7241765,-74.0506564
3210,07307,40.742677141,-74.051788633
3211,07302,40.72152515,-74.046304543
3212,07306,40.734785818,-74.050443636
3213,07302,40.71848892,-74.047726625
3214,07302,40.7127742,-74.0364857
3220,07306,40.734961020009514,-74.0595030784607
3221,11101,40.743,-73.93561
3225,07304,40.7236589,-74.0641943
3231,10065,40.76780080148132,-73.96592080593109
3232,11201,40.68962188790333,-73.98304268717766
3233,10017,40.75724567911726,-73.97805914282799
3235,10017,40.752165280621966,-73.97992193698882
3236,10036,40.75898481399634,-73.99379968643188
3241,11216,40.686203,-73.944694
3242,11201,40.69102925677968,-73.99183362722397
3243,10022,40.75892386377695,-73.96226227283478
3244,10003,40.73143724085228,-73.99490341544151
3249,11216,40.6803560840434,-73.9476791024208
3254,10004,40.69231660719192,-74.01486575603485
3255,10001,40.7505853470215,-73.9946848154068
3256,10014,40.7277140777778,-74.01129573583603
3259,10001,40.74937024193277,-73.99923384189606
3260,10012,40.72706363348306,-73.99662137031554
3263,10003,40.72951496224949,-73.99075269699097
3267,07302,40.7124188237569,-74.03852552175522
3268,07304,40.71346382669195,-74.06285852193832
3269,07302,40.72601172964625,-74.05038893222809
3270,07302,40.72528910781132,-74.04557168483734
3272,07302,40.72333158646436,-74.04595255851744
3273,07302,40.721650724879986,-74.04288411140442
3275,07302,40.71835519823214,-74.03891444206238
3276,07302,40.71458403535893,-74.04281705617905
3277,07304,40.71435836870427,-74.06661093235016
3278,07302,40.72568548362901,-74.04879033565521
3279,07302,40.721630142638354,-74.04996782541275
3280,07304,40.71928220070702,-74.07126188278198
3281,07307,40.74590996631558,-74.0572714805603
3282,10128,40.78307,-73.95939
3283,10024,40.7882213,-73.97041561
3284,10128,40.781410700190015,-73.95595908164978
3285,10024,40.78839,-73.9747
3286,10128,40.7806284,-73.9521667
3287,10024,40.789622,-73.97757
3288,10128,40.778301,-73.9488134
3289,10024,40.79017948095081,-73.97288918495178
3290,10128,40.7779453,-73.946041
3292,10128,40.7857851,-73.957481
3293,10025,40.7921,-73.9739
3294,10128,40.7835016,-73.955327
3295,10025,40.79127,-73.964839
3296,10128,40.782454175279874,-73.9489196240902
3297,11215,40.6686627,-73.97988067
3298,11201,40.686371,-73.99383324
3299,10029,40.78813,-73.95206
3300,11215,40.66514681533792,-73.97637605667114
3301,10025,40.7919557,-73.968087
3302,10025,40.7969347,-73.9643412291
3303,11231,40.6849894,-73.99440329
3304,11215,40.668127,-73.98377641
3305,10128,40.78112229934166,-73.94965589046478
3306,11215,40.6662078,-73.98199886
3307,10025,40.7941654,-73.974124
3308,11201,40.6861758,-73.99645295
3309,10029,40.7859201,-73.94860294
3310,11215,40.663779,-73.98396846
3311,11231,40.68763155,-74.0016256
3312,10128,40.7817212,-73.94594
3313,11215,40.6663181,-73.9854617
3314,10025,40.7937704,-73.971888
3315,11231,40.6847514,-73.99917254
3317,11215,40.6686273,-73.98700053
3318,10128,40.7839636,-73.9471673
3319,11215,40.666287,-73.98895053
3320,10025,40.79406660818552,-73.96286845207214
3321,11231,40.6831164,-73.99785267
3322,11215,40.668603,-73.9904394
3323,10025,40.7981856,-73.9605909006
3324,11215,40.6685455,-73.99333264
3325,10128,40.7849032,-73.950503
3326,11231,40.67434,-74.00194698
3327,10029,40.7877214,-73.94728331
3328,10025,40.795,-73.9645
3329,11231,40.6829151,-73.99318208
3330,11231,40.6725058,-74.00494695
3331,10025,40.8013434,-73.9711457439
3332,11217,40.681990442707026,-73.99079024791718
3333,11231,40.6747055,-74.0075572
3335,11215,40.6772744,-73.98282002
3336,10029,40.787801,-73.953559
3337,11231,40.67363551341504,-74.01195555925369
3338,10029,40.7862586,-73.94552579
3339,11217,40.6765304,-73.97846879
3340,11231,40.6753274,-74.0100698
3341,10025,40.795346,-73.96186
3342,11231,40.6777748,-74.0094613
3343,10025,40.7997568,-73.9621128676
3344,11231,40.679043,-74.011169
3345,10029,40.78948541553215,-73.95242929458618
3346,11217,40.675146838709786,-73.97523209452629
3347,11231,40.6773429,-74.01275056
3348,11231,40.677236,-74.015665
3349,11238,40.6729679,-73.97087984
3350,10025,40.7973721,-73.97041192
3351,10029,40.7869946,-73.94164802
3352,11231,40.67267243410948,-74.0087952464819
3354,11215,40.668132,-73.97363831
3355,10065,40.76800889305947,-73.96845281124115
3356,10023,40.7746671,-73.98470567
3357,10025,40.8008363,-73.9664492472
3358,11215,40.6711978,-73.97484126
3359,10065,40.7691572,-73.96703464
3360,10024,40.7829391,-73.9786517
3361,11215,40.6740886,-73.9787282
3362,10028,40.7781314,-73.96069399
3363,10029,40.7904828,-73.95033068
3364,11215,40.6751622,-73.9814832
3365,11215,40.6703837,-73.97839676
3366,10025,40.8021174,-73.9681805305
3367,10029,40.7922553,-73.95249933
3368,11215,40.6728155,-73.98352355
3369,10028,40.7724607,-73.9468208
3370,10075,40.7727966,-73.95577801
3372,10021,40.7689738,-73.95482273
3373,11215,40.6750705,-73.98775226
3374,10029,40.799484,-73.955613
3375,10021,40.7699426,-73.96060712
3376,10065,40.76471851944339,-73.96222069859505
3377,11231,40.6786115,-73.99037292
3378,10021,40.773763,-73.96222088
3379,10029,40.7903051,-73.94755757
3381,11231,40.6777287,-73.99364123
3382,11231,40.680611,-73.99475825
3383,10025,40.804213,-73.96699104
3384,11231,40.6787242,-73.99599099
3386,11231,40.6809591,-73.99905709
3387,10029,40.7934337,-73.94945003
3388,11231,40.6828003,-73.99990419
3389,11231,40.6830456,-74.00348559
3390,10029,40.79329668,-73.9432083
3391,10029,40.7892529,-73.93956237
3392,11231,40.6812117,-74.00860912
3393,11231,40.6794327,-74.00785041
3394,11231,40.6769993,-74.00647134
3395,11231,40.6763744,-74.00324957
3396,11231,40.6783563,-74.00014502
3397,11231,40.6763947,-73.99869893
3398,11231,40.6746957,-73.99785768
3399,11215,40.67260298150126,-73.98983001708984
3400,10029,40.7961535,-73.94782145
3402,11201,40.6902375,-73.99203074
3403,11215,40.6705135,-73.98876585
3404,11215,40.6704922,-73.98541675
3405,11215,40.6704836,-73.98208968
3407,11215,40.67909799721684,-73.98765474557877
3408,11201,40.6881529,-73.99520919
3409,11201,40.6867443,-73.99063168
3410,11217,40.6864442,-73.98759104
3411,11217,40.6849668,-73.98620772
3412,11217,40.6853761,-73.98302136
3413,11217,40.6827549,-73.98258555
3414,11217,40.680944723477296,-73.97567331790923
3415,11217,40.6793307,-73.97519523
3416,11217,40.6776147,-73.97324283
3417,11217,40.6795766,-73.97854971
3418,11238,40.6750207,-73.97111473
3419,11217,40.6792788,-73.98154004
3420,11217,40.6802133,-73.98432695
3422,11231,40.6859296,-74.00242364
3423,11215,40.6610633719006,-73.97945255041122
3424,10029,40.791976,-73.945993
3425,10029,40.7892105,-73.94370784
3429,11243,40.68506807308177,-73.97790759801863
3430,11222,40.71907891179564,-73.94223690032959
3435,10013,40.718822,-73.99596
3437,10025,40.79313480986663,-73.97700369358063
3440,11201,40.692418292578466,-73.98949474096298
3443,10019,40.76132983124814,-73.97982001304626
3449,11222,40.721462562298164,-73.94800901412964
3452,11222,40.71915571696044,-73.94885390996933
3453,11211,40.71335226222875,-73.9491033554077
3454,11206,40.7103685423523,-73.94705951213837
3456,11211,40.71638031973561,-73.94821286201477
3457,10022,40.76302594280519,-73.97209525108337
3459,10022,40.75763227739443,-73.96930575370789
3461,10007,40.714851505262516,-74.01122331619263
3463,10003,40.735367055605394,-73.98797392845154
3467,10012,40.72494672359416,-74.00165855884552
3469,11222,40.73181401720966,-73.95995020866394
3472,10011,40.742753828659026,-74.00747358798981
3477,11232,40.65539977447831,-74.01062786579132
3478,11232,40.65708866668485,-74.00870203971863
3479,10004,40.68512559515415,-74.02535319328308
3481,07302,40.71649,-74.04105
3483,07302,40.71942,-74.05099
3486,11201,40.688417427540834,-73.98451656103134
3490,10029,40.796879,-73.937261
3491,10035,40.79747,-73.93504
3492,10035,40.8005385,-73.9419949
3493,10035,40.799139,-73.9389152
3494,10029,40.797911,-73.9423
3495,10029,40.7945663,-73.9362541
3496,10029,40.7923272,-73.9383
3497,10029,40.7949879,-73.9333349
3498,10035,40.7974772,-73.9311847
3499,10035,40.8006721,-73.9349
3500,10029,40.7989445,-73.944846
3501,10035,40.8014866,-73.9442507
3502,10029,40.7954121,-73.9441232
3503,10035,40.80295,-73.942954
3504,10035,40.8029263,-73.9379
3505,10035,40.805726,-73.936322
3506,10035,40.8013066,-73.9398167
3507,10035,40.8045555,-73.9396861
3508,10027,40.809725,-73.953149
3509,10026,40.8011939,-73.9500739
3510,10027,40.8078316,-73.949373
3511,10026,40.802535,-73.9532423
3513,11102,40.774645,-73.923706
3514,11102,40.7767,-73.927631
3515,11102,40.774591,-73.918544
3516,11102,40.7699176,-73.9184057
3517,11102,40.7711528,-73.9170074
3518,10027,40.808442,-73.9452087
3520,10026,40.804372,-73.951475
3521,10026,40.7987859,-73.9523
3522,11103,40.7701477,-73.9120938
3523,11102,40.7729,-73.916142
3524,11105,40.7774552,-73.9225403
3525,11105,40.776165,-73.9153175
3526,11105,40.7747878,-73.9125551
3527,10035,40.80698,-73.941747
3528,11105,40.7713937,-73.9077436
3529,10037,40.8107922,-73.9430681
3530,11105,40.7787185,-73.9145645
3531,10027,40.8125511,-73.9492286
3532,11105,40.78145,-73.9183302
3533,10027,40.8114323,-73.9518776
3534,10026,40.805159,-73.954692
3535,10027,40.804038,-73.945925
3536,10027,40.8082,-73.9641
3537,11238,40.6809741,-73.9710097
3538,10025,40.802692,-73.96295
3539,10027,40.8067581,-73.9607082
3540,10027,40.81,-73.9551508
3541,10027,40.813358,-73.956461
3542,10027,40.8086249,-73.9596214
3543,10027,40.81028506306003,-73.95736455917358
3544,11238,40.6804836,-73.9646795
3545,10027,40.8120562,-73.9612547
3546,11238,40.6791944,-73.9587903
3547,10027,40.8143256,-73.9590255
3549,11238,40.678045,-73.962408
3551,10029,40.795508,-73.941606
3552,10025,40.805973,-73.964928
3553,10026,40.801694,-73.957145
3554,11101,40.7552433,-73.9485678
3555,11101,40.751047,-73.93797
3556,11101,40.7527085,-73.9397405
3557,11101,40.75742,-73.945133
3558,11238,40.6794388,-73.9680438
3559,11101,40.7576314,-73.9391224
3560,11101,40.754876,-73.934326
3561,11101,40.7531106,-73.9279917
3562,11238,40.6765198,-73.9596082
3563,11106,40.757186,-73.932719
3564,11106,40.7601853,-73.9362726
3565,11106,40.7614376,-73.9411265
3566,11106,40.7596276,-73.9321455
3567,11106,40.7627442,-73.9391141
3568,11106,40.7569332,-73.9262231
3569,11238,40.6758324,-73.9561677
3570,11101,40.7557327,-73.9236611
3571,11216,40.676368,-73.952918
3572,11101,40.756913,-73.921631
3573,11106,40.7580583,-73.9242751
3574,11238,40.6769694,-73.96579
3575,11106,40.76108,-73.930562
3576,11238,40.6767,-73.969024
3577,11106,40.7628138,-73.9342862
3578,11238,40.6741806,-73.9564947
3579,11216,40.672695,-73.954131
3580,11238,40.6737236,-73.9631611
3581,11238,40.6740123,-73.9671457
3582,11238,40.6721683,-73.9609
3583,11238,40.6716493,-73.9631145
3584,11216,40.6707767,-73.9576801
3585,11225,40.6691783,-73.9554162
3586,11106,40.7638753,-73.9364848
3587,11225,40.6686744,-73.9618148
3588,11106,40.7671863,-73.9373554
3589,11106,40.7668,-73.9347774
3590,11225,40.6679411,-73.9588
3591,11106,40.7659,-73.930819
3592,11106,40.7633589,-73.9286471
3593,11106,40.761584,-73.925921
3595,11106,40.760339,-73.9222427
3596,11225,40.6642406,-73.9574686
3597,11103,40.7577284,-73.9166368
3598,11103,40.7595701,-73.9142678
3599,11225,40.66314,-73.9605695
3601,11225,40.6627059,-73.9569115
3602,11103,40.763154,-73.920827
3603,11106,40.7647,-73.9240312
3604,11225,40.6630619,-73.9538746
3605,11106,40.7658346,-73.9265474
3606,11101,40.74252,-73.948852
3607,11106,40.7682,-73.9322662
3608,11101,40.7423737,-73.9566
3609,11106,40.7692475,-73.9354504
3610,11102,40.770845,-73.934171
3611,11101,40.7449067,-73.9534573
3612,11102,40.7703743,-73.9286078
3613,11101,40.745038,-73.957539
3614,11102,40.768692,-73.9249574
3615,11101,40.748,-73.9460927
3616,11103,40.7656251,-73.9136695
3617,11103,40.7671,-73.9169858
3618,11101,40.7485,-73.941275
3619,11102,40.7713615,-73.9246145
3620,11101,40.7519071,-73.9479119
3621,11102,40.7739825,-73.9309134
3622,10035,40.80756,-73.939182
3623,10027,40.8109494,-73.9634
3628,10026,40.8025566,-73.9490782
3629,10027,40.809495347779475,-73.94776493310928
3630,10026,40.8038654,-73.9559308
3637,11238,40.683238654603414,-73.96599590778351
3638,07310,40.7242941,-74.0354826
3639,07311,40.7192517,-74.034234
3640,07306,40.73367,-74.0625
3641,10010,40.74286877312112,-73.98918628692627
3646,11106,40.76315481910373,-73.93985509872437
3647,11101,40.74128309355993,-73.93725872039794
3648,11205,40.697950315695444,-73.97077560424805
3649,10027,40.814394437915816,-73.95324736833572
3654,11101,40.75186951421875,-73.93349289894103
3656,10009,40.72307749068673,-73.98583620786667
3658,10011,40.7435337324616,-74.00367558002472
3661,11225,40.666439306870814,-73.9605563879013
3662,11103,40.761293897289086,-73.916916847229
3664,10013,40.72019521437465,-74.0103006362915
3668,11222,40.7239567849954,-73.94984364509583
3671,10028,40.774779448957275,-73.95427465438843
3673,11238,40.67759206937376,-73.955637216568
3674,11201,40.701403172577244,-73.98672670125961
3676,11231,40.6758329439129,-74.01472628116608
3677,07306,40.72755146730012,-74.07106071710587
3678,07306,40.72572613742557,-74.07195925712585
3679,07304,40.722103786686034,-74.07145500183105
3680,10017,40.754120810779256,-73.98025184869766
3681,07302,40.71517767732029,-74.03768330812454
3686,10014,40.739448201304036,-74.00507032871246
3687,10016,40.74322681432173,-73.97449783980846
3689,10025,40.799041392882984,-73.96649479866028
3690,10007,40.71334184275907,-74.00935515761375
3691,11103,40.76408932350688,-73.91065120697021
3692,11251,40.699997484388504,-73.97440128028393
3693,11249,40.72248188638219,-73.95921930670738
3694,07305,40.71113,-74.0789
3697,10069,40.77515953434235,-73.98918695747852
3699,10019,40.763604677958625,-73.98917958140373
3704,11101,40.7437524099784,-73.94176483154297
3707,10016,40.741459,-73.983293
3708,10011,40.735445,-73.99431
3709,10011,40.738046142482766,-73.99642959237099
3711,10009,40.72966729392978,-73.98067966103554
3712,10001,40.754691750226016,-73.99740189313889
3714,11211,40.70684203101325,-73.9544353965357
3715,11211,40.71816969454208,-73.95520135760307
3716,11101,40.753599202005596,-73.93795609474182
3718,10009,40.72746420692392,-73.97950418293476
3720,11217,40.68461653897949,-73.98721285164356
3721,11102,40.7675487799971,-73.9209334552288
3723,11201,40.695317277669034,-73.99015724658966
3724,10019,40.7667405590595,-73.9790689945221
3725,10021,40.7687620293096,-73.95840793848038
3726,11101,40.743366080270214,-73.95960688591003
3727,11211,40.71766197083994,-73.94880026578903
3728,11201,40.69535693320225,-73.99344027042389
3733,10009,40.730563,-73.973984
3734,10022,40.759125,-73.962658
3737,10002,40.720747,-73.986274
3745,11106,40.75651272984955,-73.92957486212252
3746,10013,40.724308321602166,-74.00473035871983
3747,10028,40.77755374298887,-73.95512759685516
3749,10016,40.747573958954796,-73.9788007736206
3755,11205,40.69064807082943,-73.95746178925037
3756,11206,40.704508,-73.9351
3757,11237,40.710681,-73.93372
3758,11237,40.702997,-73.92997
3759,11237,40.70538,-73.92535
3760,11237,40.705614,-73.92153
3761,11221,40.697842,-73.926241
3762,11215,40.677027,-73.9865
3763,11237,40.707165,-73.923711
3764,11206,40.705517,-73.93936
3765,11206,40.709897,-73.94008
3766,11211,40.715353,-73.93856
3767,11211,40.71323,-73.93894
3768,11206,40.71019,-73.93734
3769,11206,40.707174,-73.93581
3770,11206,40.702831,-73.9333
3771,11206,40.706237,-73.933871
3772,11211,40.713811,-73.93515
3773,11237,40.70539,-73.92976
3774,11237,40.704425,-73.92836
3775,11237,40.702013,-73.923769
3776,11221,40.700003,-73.92834
3777,11237,40.699304,-73.923044
3778,11237,40.7027,-73.92095
3779,11237,40.704876,-73.919911
3781,11237,40.698568,-73.918877
3782,11201,40.698458,-73.997178
3783,10038,40.70838,-74.00495
3787,11251,40.69985,-73.97141
3788,10003,40.73269,-73.98974
3789,11238,40.68186,-73.959432
3790,11201,40.7003,-73.991581
3791,07310,40.73520838045357,-74.04696375131607
3792,07302,40.71687,-74.03281
3795,11215,40.671907,-73.993612
3798,10018,40.752269,-73.982079
3799,10001,40.74964,-73.98805
3803,11225,40.665816,-73.956934
3804,11201,40.702461,-73.986842
3805,10075,40.776173,-73.959757
3809,10019,40.763201,-73.978458
3810,10024,40.782593,-73.971211
3811,11102,40.77485,-73.9342
3812,10003,40.734814,-73.992085
2000,11201,40.70255088,-73.98940236
2002,11249,40.716887,-73.963198
2003,10009,40.733812191966315,-73.98054420948029
2005,11251,40.70531194,-73.97100056
2006,10021,40.76590936,-73.97634151
2008,10004,40.70569254,-74.01677685
2009,10038,40.71117444,-73.99682619
2010,10013,40.72165481,-74.00234737
2012,10016,40.739445,-73.976806
2017,10017,40.75022392,-73.97121414
2021,10036,40.75929124,-73.98859651
2022,10022,40.759107,-73.959223
2023,10022,40.75968085,-73.97031366
